job_number,the_geom,address,address_house,address_street,latitude,longitude,ycoord,xcoord,bin,bbl,boro,block,lot,dob_type,job_type,dcp_occ_category,occ_init,occ_prop,dob_occ_init,dob_occ_prop,dcp_status,dob_status,status_date,status_a,status_d,status_p,status_q,status_r,status_x,dob_bldg_type,stories_init,stories_prop,zoningsft_init,zoningsft_prop,units_init,units_prop,units_net,units_net_complete,units_net_incomplete,earliest_effectivedate,latest_effectivedate,latest_certtype,latest_cofo,u_2007_existtotal,u_2008_existtotal,u_2009_existtotal,u_2010pre_existtotal,u_2010post_existtotal,u_2011_existtotal,u_2012_existtotal,u_2013_existtotal,u_2014_existtotal,u_2015_existtotal,u_2016_existtotal,u_2017_existtotal,unit_change_2007,unit_change_2008,unit_change_2009,unit_change_preapr2010,unit_change_postapr2010,unit_change_2011,unit_change_2012,unit_change_2013,unit_change_2014,unit_change_2015,unit_change_2016,unit_change_2017,u_2007_netcomplete,u_2008_netcomplete,u_2009_netcomplete,u_2010pre_netcomplete,u_2010post_netcomplete,u_2011_netcomplete,u_2012_netcomplete,u_2013_netcomplete,u_2014_netcomplete,u_2015_netcomplete,u_2016_netcomplete,u_2017_netcomplete,geo_cd,geo_ntacode,geo_ntaname,geo_censusblock,geo_csd,f_pfirms2015_100yr,x_dup_flag,x_dup_id,x_dup_maxstatusdate,x_dup_maxcofodate,x_geomsource,x_occsource,x_inactive,x_outlier,x_withdrawal,geom
121193341,,324 WEST 108 STREET,324,WEST 108 STREET,,,,,1081593,1018920006,MANHATTAN,01892,00060,A1,Alteration,Residential,Medical and other custodial institutions,Residential: Multi-Family,H-2,R-2,Permit issued,PERMIT ISSUED - ENTIRE JOB/WORK,03/01/2018,06/15/2015,06/17/2015,02/07/2018,2018-02-28,03/01/2018,,OTHERS,5,6,13772,16167,0,15,15,0,,,,,,0,0,0,0,0,0,0,0,0,0,0,0,0,0,0,0,0,0,0,0,0,0,0,0,-15,-15,-15,-15,-15,-15,-15,-15,-15,-15,-15,-15,,,,,,,,Alteration101892000601081593324 WEST 108 STREET,03/01/2018,,,,false,,0,
310296916,,1465 PROSPECT PLACE,1465,PROSPECT PLACE,,,,,3330829,3013620005,BROOKLYN,01362,00050,A1,Alteration,Residential,Medical and other custodial institutions,Residential: Multi-Family,H-2,R-2,Complete,SIGNED OFF,01/23/2012,02/03/2009,02/03/2009,04/24/2009,2009-08-26,09/14/2009,01/23/2012,OTHERS,4,4,43168,43168,65,65,0,0,0,2011-07-19,2012-01-23,C- CO,65,65,65,65,65,65,65,65,65,65,65,65,65,0,0,0,0,0,0,0,0,0,0,0,0,65,65,65,65,65,65,65,65,65,65,65,65,,,,,,,,Alteration3013620005033308291465 PROSPECT PLACE,01/23/2012,2012-01-23,,,false,,0,
310196686,,316 ATLANTIC AVENUE,316,ATLANTIC AVENUE,,,,,3000839,3001820001,BROOKLYN,00182,00012,A1,Alteration,Residential,Medical and other custodial institutions,Residential: Multi-Family,H-2,R-2,Disapproved,PLAN EXAM - DISAPPROVED,10/30/2008,09/24/2008,10/17/2008,,,,,OTHERS,5,5,14575,14575,0,14,14,0,,,,,,0,0,0,0,0,0,0,0,0,0,0,0,0,0,0,0,0,0,0,0,0,0,0,0,-14,-14,-14,-14,-14,-14,-14,-14,-14,-14,-14,-14,,,,,,,,,,,,,true,,0,
123168552,,178 EAST 64TH STREET,178,EAST 64TH STREET,,,,,1042106,1013980004,MANHATTAN,01398,00044,A1,Alteration,Residential,Residential,Assembly: Other,RES,A-3,Disapproved,PLAN EXAM - DISAPPROVED,12/19/2017,12/19/2017,12/19/2017,,,,,OTHERS,4,4,5625,5813,1,0,-1,0,,,,,,1,1,1,1,1,1,1,1,1,1,1,1,0,0,0,0,0,0,0,0,0,0,0,0,2,2,2,2,2,2,2,2,2,2,2,2,,,,,,,,,,,,,false,,0,
123384925,,200 WEST 143 STREET,200,WEST 143 STREET,,,,,1060430,1020280001,MANHATTAN,02028,00016,A1,Alteration,Residential,Residential,Assembly: Other,RES,A-3,Application filed,PLAN EXAM - IN PROCESS,03/20/2018,03/14/2018,03/14/2018,,,,,OTHERS,20,20,13564,13564,240,,,,,,,,,240,240,240,240,240,240,240,240,240,240,240,240,0,0,0,0,0,0,0,0,0,0,0,0,,,,,,,,,,,,,,,,,,,,,,,,,false,,0,
410221433,,150-62 78TH ROAD,150-62,78TH ROAD,,,,,4145196,4067110008,QUEENS,06711,00084,A1,Alteration,Residential,Residential: 1 & 2 Family,Assembly: Other,R-3,A-3,Permit issued,PERMIT ISSUED - ENTIRE JOB/WORK,02/03/2017,02/03/2009,02/03/2009,01/22/2010,2010-03-11,12/19/2012,,OTHERS,3,3,4217,4217,3,1,-2,0,,,,,,3,3,3,3,3,3,3,3,3,3,3,3,0,0,0,0,0,0,0,0,0,0,0,0,5,5,5,5,5,5,5,5,5,5,5,5,,,,,,,,Alteration406711000844145196150-62 78TH ROAD,02/03/2017,,,,false,,0,
321631668,,749 60 STREET,749,60 STREET,,,,,3016437,3008660006,BROOKLYN,00866,00061,A1,Alteration,Residential,Residential,Assembly: Other,RES,A-3,Application filed,PLAN EXAM - APPROVED,03/22/2018,08/01/2017,08/01/2017,03/22/2018,,,,OTHERS,2,2,3208,3208,4,2,-2,0,,,,,,4,4,4,4,4,4,4,4,4,4,4,4,0,0,0,0,0,0,0,0,0,0,0,0,6,6,6,6,6,6,6,6,6,6,6,6,,,,,,,,Alteration300866000613016437749 60 STREET,03/22/2018,,,,false,,0,
320986796,,1452 EAST 66TH STREET,1452,EAST 66TH STREET,,,,,3236489,3083870007,BROOKLYN,08387,00075,A1,Alteration,Residential,Residential,Assembly: Other,RES,A-3,Permit issued,PERMIT ISSUED - ENTIRE JOB/WORK,01/07/2016,09/30/2014,09/30/2014,11/12/2014,2015-01-30,05/07/2015,,OTHERS,2,2,1350,1350,1,1,0,0,,,,,,1,1,1,1,1,1,1,1,1,1,1,1,0,0,0,0,0,0,0,0,0,0,0,0,1,1,1,1,1,1,1,1,1,1,1,1,,,,,,,,Alteration3083870007532364891452 EAST 66TH STREET,01/07/2016,,,,false,,0,
520094031,,79 HOWARD AVENUE,79,HOWARD AVENUE,,,,,5015115,5005870000,STATEN ISLAND,00587,00001,A1,Alteration,Residential,Residential,Assembly: Other,RES,A-3,Permit issued,PERMIT ISSUED - ENTIRE JOB/WORK,03/05/2018,03/20/2012,03/20/2012,04/19/2013,2014-03-21,03/24/2014,,OTHERS,3,3,8782,10023,1,,,,,2015-03-30,2017-07-26,T- TCO,0,1,1,1,1,1,1,1,1,1,0,0,0,0,0,0,0,0,0,0,0,0,-1,0,0,,,,,,,,,,,,,,,,,,,,,,,,,false,,0,
320694021,,4202 12 AVENUE,4202,12 AVENUE,,,,,3135856,3055970004,BROOKLYN,05597,00041,A1,Alteration,Residential,Residential: Multi-Family,Assembly: Other,R-2,A-3,Complete,SIGNED OFF,05/10/2013,01/10/2013,01/10/2013,02/26/2013,2013-04-23,04/23/2013,05/10/2013,OTHERS,4,4,6364,6364,1,1,0,0,0,2013-05-10,2013-05-10,C- CO,1,1,1,1,1,1,1,1,1,1,1,1,1,0,0,0,0,0,0,0,0,0,0,0,0,1,1,1,1,1,1,1,1,1,1,1,1,,,,,,,,Alteration3055970004131358564202 12 AVENUE,05/10/2013,2013-05-10,,,false,,0,
310211053,,625 ROCKAWAY PARKWAY,625,ROCKAWAY PARKWAY,,,,,3105189,3047570002,BROOKLYN,04757,00020,A1,Alteration,Residential,Residential,Medical and other custodial institutions,RES,H-2,Complete,SIGNED OFF,05/07/2009,10/27/2008,10/27/2008,12/04/2008,2008-12-05,12/05/2008,05/07/2009,OTHERS,3,3,3564,3564,2,,,,,2009-05-07,2009-05-07,C- CO,0,2,2,0,0,0,0,0,0,0,0,0,0,0,0,-2,0,0,0,0,0,0,0,0,0,,,,,,,,,,,,,,,,,,,,,,,,,false,,0,
301425722,,984 50 STREET,984,50 STREET,,,,,3137901,3056450004,BROOKLYN,05645,00044,A1,Alteration,Residential,Residential,Medical and other custodial institutions,RES,H-2,Complete,SIGNED OFF,07/07/2006,10/23/2002,10/25/2002,08/19/2005,2004-07-06,08/20/2004,07/07/2006,OTHERS,0,2,0,0,,1,,,,,,,,,,,,,,,,,,,,,,,,,,,,,,,,,,,,,,,,,,,,,,,,,,,,,,,,false,,0,
121508920,,404 WEST 155TH STREET,404,WEST 155TH STREET,,,,,1089726,1020690002,MANHATTAN,02069,00021,A1,Alteration,Residential,Residential: Multi-Family,Assembly: Other,R-2,A-3,Permit issued,PERMIT ISSUED - ENTIRE JOB/WORK,07/21/2015,02/01/2013,02/01/2013,04/24/2013,2013-08-05,08/05/2013,,OTHERS,13,13,140764,140764,124,124,0,0,,2016-03-15,2017-08-23,T- TCO,124,124,124,124,124,124,124,124,124,124,124,124,124,0,0,0,0,0,0,0,0,0,0,0,0,124,124,124,124,124,124,124,124,124,124,124,124,,,,,,,,Alteration102069000211089726404 WEST 155TH STREET,07/21/2015,2017-08-23,,,false,,0,
410062195,,42-85 HAMPTON STREET,42-85,HAMPTON STREET,,,,,4039278,4015690005,QUEENS,01569,00056,A1,Alteration,Residential,Medical and other custodial institutions,Residential,H-2,RES,Complete,SIGNED OFF,08/13/2009,02/04/2008,02/04/2008,02/21/2008,2008-10-15,11/06/2008,08/13/2009,1-2-3 FAMILY,0,2,0,0,,2,,,0,2009-08-13,2009-08-13,C- CO,2,,,2,2,2,2,2,2,2,2,2,2,,,,0,0,0,0,0,0,0,0,0,,,,,,,,,,,,,,,,,,,,,,,,,false,,0,
420859823,,126-04 133RD AVENUE,126-04,133RD AVENUE,,,,,4256081,4117850003,QUEENS,11785,00032,A1,Alteration,Residential,Residential,Assembly: Other,RES,A-3,Permit issued,PERMIT ISSUED - ENTIRE JOB/WORK,01/26/2018,03/10/2014,03/10/2014,03/06/2015,2015-04-20,01/21/2016,,OTHERS,2,1,3153,2450,2,0,-2,0,,,,,,2,2,2,2,2,2,2,2,2,2,2,2,0,0,0,0,0,0,0,0,0,0,0,0,4,4,4,4,4,4,4,4,4,4,4,4,,,,,,,,Alteration411785000324256081126-04 133RD AVENUE,01/26/2018,,,,false,,0,
410080068,,88-23 50 AVENUE,88-23,50 AVENUE,,,,,4045120,4018340005,QUEENS,01834,00054,A1,Alteration,Residential,Residential,Assembly: Other,RES,A-3,Complete,SIGNED OFF,03/01/2010,03/20/2008,03/20/2008,06/24/2008,2008-07-23,01/08/2009,03/01/2010,1-2-3 FAMILY,2,3,1860,2508,1,2,1,0,0,2010-03-01,2010-03-01,C- CO,,1,1,1,1,1,1,1,1,1,1,1,1,0,0,0,0,0,0,0,0,0,0,0,0,0,0,0,0,0,0,0,0,0,0,0,0,,,,,,,,Alteration40183400054404512088-23 50 AVENUE,03/01/2010,2010-03-01,,,false,,0,
321271262,,631 BEDFORD AVENUE,631,BEDFORD AVENUE,,,,,3060520,3022110000,BROOKLYN,02211,00005,A1,Alteration,Residential,Residential,Assembly: Other,RES,A-3,Permit issued,PERMIT ISSUED - PARTIAL JOB,03/08/2018,11/13/2015,11/16/2015,12/31/2015,2016-12-27,,,OTHERS,4,4,4031,4031,3,2,-1,0,,,,,,3,3,3,3,3,3,3,3,3,3,3,3,0,0,0,0,0,0,0,0,0,0,0,0,4,4,4,4,4,4,4,4,4,4,4,4,,,,,,,,Alteration302211000053060520631 BEDFORD AVENUE,03/08/2018,,,,false,,0,
220052779,,274 COLLEGE ROAD,274,COLLEGE ROAD,,,,,2084365,2058160185,BRONX,05816,01857,A1,Alteration,Residential,Residential: 1 & 2 Family,Assembly: Other,R-3,A-3,Complete,SIGNED OFF,07/24/2012,03/23/2010,03/23/2010,06/07/2010,2010-06-07,07/09/2010,07/24/2012,1-2-3 FAMILY,2,2,3425,3425,1,1,0,0,0,2012-07-24,2012-07-24,C- CO,1,1,1,1,1,1,1,1,1,1,1,1,1,0,0,0,0,0,0,0,0,0,0,0,0,1,1,1,1,1,1,1,1,1,1,1,1,,,,,,,,Alteration205816018572084365274 COLLEGE ROAD,07/24/2012,2012-07-24,,,false,,0,
410204185,,107-23 ATLANTIC AVENUE,107-23,ATLANTIC AVENUE,,,,,4195408,4093140003,QUEENS,09314,00033,A1,Alteration,Residential,Residential,Assembly: Other,RES,A-3,Complete,SIGNED OFF,04/07/2011,12/16/2008,12/16/2008,12/17/2009,2010-01-11,01/20/2010,04/07/2011,OTHERS,2,2,1900,1900,2,1,-1,-1,0,2011-04-07,2011-04-07,C- CO,1,2,2,2,2,2,1,1,1,1,1,1,1,0,0,0,0,0,-1,0,0,0,0,0,0,3,3,3,3,3,2,2,2,2,2,2,2,,,,,,,,Alteration409314000334195408107-23 ATLANTIC AVENUE,04/07/2011,2011-04-07,,,false,,0,
321620830,,4533 18 AVE.,4533,18 AVE.,,,,,3128719,3054390002,BROOKLYN,05439,00020,A1,Alteration,Residential,Residential,Assembly: Other,RES,A-3,Disapproved,PLAN EXAM - DISAPPROVED,03/09/2018,03/05/2018,03/05/2018,,,,,OTHERS,2,2,1976,2736,1,1,0,0,,,,,,1,1,1,1,1,1,1,1,1,1,1,1,0,0,0,0,0,0,0,0,0,0,0,0,1,1,1,1,1,1,1,1,1,1,1,1,,,,,,,,,,,,,false,,0,
320759988,,723 60 STREET,723,60 STREET,,,,,3016445,3008660007,BROOKLYN,00866,00071,A1,Alteration,Residential,Residential,Assembly: Other,RES,A-3,Complete,SIGNED OFF,09/12/2016,04/11/2014,04/11/2014,04/28/2014,2014-08-07,09/12/2014,09/12/2016,OTHERS,4,4,8648,8648,16,16,0,0,0,2016-09-12,2016-09-12,C- CO,16,16,16,16,16,16,16,16,16,16,16,16,16,0,0,0,0,0,0,0,0,0,0,0,0,16,16,16,16,16,16,16,16,16,16,16,16,,,,,,,,Alteration300866000713016445723 60 STREET,09/12/2016,2016-09-12,,,false,,0,
421313322,,169-38 PIDGEON MEADOW RD,169-38,PIDGEON MEADOW RD,,,,,4125682,4055670002,QUEENS,05567,00026,A1,Alteration,Residential,Residential,Assembly: Other,RES,A-3,Permit issued,PERMIT ISSUED - ENTIRE JOB/WORK,09/27/2017,06/01/2016,06/01/2016,04/28/2017,2017-07-05,09/27/2017,,OTHERS,2,2,2127,2127,1,1,0,0,,,,,,1,1,1,1,1,1,1,1,1,1,1,1,0,0,0,0,0,0,0,0,0,0,0,0,1,1,1,1,1,1,1,1,1,1,1,1,,,,,,,,Alteration405567000264125682169-38 PIDGEON MEADOW RD,09/27/2017,,,,false,,0,
123019606,,128 EAST 112 STREET,128,EAST 112 STREET,,,,,1052223,1016390006,MANHATTAN,01639,00062,A1,Alteration,Residential,Medical and other custodial institutions,Residential: Multi-Family,H-2,R-2,Application filed,PLAN EXAM - APPROVED,05/23/2017,02/13/2017,02/13/2017,05/23/2017,,,,OTHERS,6,7,17170,28306,50,57,7,0,,,,,,50,50,50,50,50,50,50,50,50,50,50,50,0,0,0,0,0,0,0,0,0,0,0,0,43,43,43,43,43,43,43,43,43,43,43,43,,,,,,,,Alteration101639000621052223128 EAST 112 STREET,05/23/2017,,,,false,,0,
320983566,,509 MONTAUK AVENUE,509,MONTAUK AVENUE,,,,,3253018,3044790004,BROOKLYN,04479,00042,A1,Alteration,Residential,Residential: 1 & 2 Family,Assembly: Other,R-3,A-3,Application filed,PLAN EXAM - APPROVED,02/23/2016,09/04/2015,09/04/2015,02/23/2016,,,,OTHERS,2,2,1140,1140,2,1,-1,0,,,,,,2,2,2,2,2,2,2,2,2,2,2,2,0,0,0,0,0,0,0,0,0,0,0,0,3,3,3,3,3,3,3,3,3,3,3,3,,,,,,,,Alteration304479000423253018509 MONTAUK AVENUE,02/23/2016,,geoclient,,false,,0,0101000020E6100000BFB9D94DF47752C04EB3D56E3C554440
121184574,,1760 3RD AVENUE,1760,3RD AVENUE,,,,,1051738,1016250003,MANHATTAN,01625,00033,A1,Alteration,Residential,Medical and other custodial institutions,Residential: Multi-Family,H-2,R-2,Complete,SIGNED OFF,04/13/2015,01/14/2014,01/31/2014,11/18/2014,2014-12-02,12/02/2014,04/13/2015,OTHERS,19,19,247615,247615,275,424,149,149,0,2015-02-10,2015-04-13,C- CO,424,275,275,275,275,275,275,275,275,275,424,424,424,0,0,0,0,0,0,0,0,0,149,0,0,126,126,126,126,126,126,126,126,126,275,275,275,,,,,,,,Alteration1016250003310517381760 3RD AVENUE,06/13/2014,2016-02-25,,,false,,0,
302289538,,4017 AVENUE P,4017,AVENUE P,,,,,3219270,3078590000,BROOKLYN,07859,00003,A1,Alteration,Residential,Residential,Assembly: Other,RES,A-3,Permit issued,PERMIT ISSUED - ENTIRE JOB/WORK,07/20/2017,01/11/2007,01/11/2007,03/13/2007,2007-03-20,04/25/2007,,OTHERS,3,3,4659,7296,4,1,-3,0,,,,,,4,4,4,4,4,4,4,4,4,4,4,4,0,0,0,0,0,0,0,0,0,0,0,0,7,7,7,7,7,7,7,7,7,7,7,7,,,,,,,,Alteration3078590000332192704017 AVENUE P,07/20/2017,,,,false,,0,
421375586,,199-24 LINDEN BOULEVARD,199-24,LINDEN BOULEVARD,,,,,4271788,4126200000,QUEENS,12620,00009,A1,Alteration,Residential,Residential,Assembly: Other,RES,A-3,Complete,SIGNED OFF,11/14/2017,02/27/2017,02/27/2017,04/26/2017,2017-05-11,05/11/2017,11/14/2017,OTHERS,2,2,4632,4632,2,2,0,0,0,2017-11-14,2017-11-14,C- CO,2,2,2,2,2,2,2,2,2,2,2,2,2,0,0,0,0,0,0,0,0,0,0,0,0,2,2,2,2,2,2,2,2,2,2,2,2,,,,,,,,Alteration412620000094271788199-24 LINDEN BOULEVARD,11/14/2017,2017-11-14,,,false,,0,
420923433,,82-35 SURREY PL,82-35,SURREY PL,,,,,4155839,4072430004,QUEENS,07243,00046,A1,Alteration,Residential,Residential,Assembly: Other,RES,A-3,Application filed,PLAN EXAM - APPROVED,07/03/2014,11/15/2013,11/15/2013,07/03/2014,,,,OTHERS,1,2,2207,3188,1,0,-1,0,,,,,,1,1,1,1,1,1,1,1,1,1,1,1,0,0,0,0,0,0,0,0,0,0,0,0,2,2,2,2,2,2,2,2,2,2,2,2,,,,,,,,Alteration40724300046415583982-35 SURREY PL,07/03/2014,,,,false,,0,
321687590,,622 AVE C,622,AVE C,,,,,3126190,3053750000,BROOKLYN,05375,00007,A1,Alteration,Residential,Residential,Assembly: Other,RES,A-3,Disapproved,PLAN EXAM - DISAPPROVED,04/27/2018,04/20/2018,04/20/2018,,,,,OTHERS,3,3,4528,4528,1,0,-1,0,,,,,,1,1,1,1,1,1,1,1,1,1,1,1,0,0,0,0,0,0,0,0,0,0,0,0,2,2,2,2,2,2,2,2,2,2,2,2,,,,,,,,,,,geoclient,,false,,0,0101000020E6100000B0CC797B3F7E52C0E544B36706524440
123362226,,45 RIVINGTON STREET,45,RIVINGTON STREET,,,,,1005601,1004200004,MANHATTAN,00420,00047,A1,Alteration,Residential,Medical and other custodial institutions,Residential: Multi-Family,H-2,R-2,Application filed,PLAN EXAM - IN PROCESS,02/13/2018,02/09/2018,02/09/2018,,,,,OTHERS,6,6,122016,122016,,102,,,,,,,,,,,,,,,,,,,,,,,,,,,,,,,,,,,,,,,,,,,,,,,,,,,,,,,,false,,0,
320519104,,25 SUNNYSIDE AVENUE,25,SUNNYSIDE AVENUE,,,,,3855097,3034880001,BROOKLYN,03488,00017,A1,Alteration,Residential,Residential: 1 & 2 Family,Assembly: Other,R-3,A-3,Disapproved,PLAN EXAM - DISAPPROVED,01/15/2013,11/26/2012,11/26/2012,,,,,1-2-3 FAMILY,2,2,100,2590,2,2,0,0,,,,,,2,2,2,2,2,2,2,2,2,2,2,2,0,0,0,0,0,0,0,0,0,0,0,0,2,2,2,2,2,2,2,2,2,2,2,2,,,,,,,,,,,,,true,,0,
120307088,,132 WEST 17TH STREET,132,WEST 17TH STREET,,,,,1068169,1007920750,MANHATTAN,00792,07503,A1,Alteration,Residential,Residential,Assembly: Other,RES,A-3,Permit issued,PERMIT ISSUED - ENTIRE JOB/WORK,07/06/2011,04/02/2010,04/05/2010,08/02/2010,2010-08-06,08/06/2010,,OTHERS,9,9,36800,9200,13,13,0,1,,2011-07-11,2014-04-07,T- TCO,14,13,13,13,13,13,13,13,14,14,14,14,14,0,0,0,0,0,0,0,1,0,0,0,0,13,13,13,13,13,13,13,14,14,14,14,14,,,,,,,,,,,,,true,,0,
121960431,,46 EDGECOMBE AVE,46,EDGECOMBE AVE,,,,,1059488,1019600006,MANHATTAN,01960,00063,A1,Alteration,Residential,Residential,Assembly: Other,RES,A-3,Permit issued,PERMIT ISSUED - ENTIRE JOB/WORK,03/27/2018,03/26/2014,03/27/2014,01/28/2016,2016-12-29,03/17/2017,,OTHERS,4,4,4451,6110,17,1,-16,0,,,,,,17,17,17,17,17,17,17,17,17,17,17,17,0,0,0,0,0,0,0,0,0,0,0,0,33,33,33,33,33,33,33,33,33,33,33,33,,,,,,,,Alteration10196000063105948846 EDGECOMBE AVE,03/27/2018,,,,false,,2,
421180965,,117-03 203 STREET,117-03,203 STREET,,,,,4272190,4126330000,QUEENS,12633,00001,A1,Alteration,Residential,Residential,Assembly: Other,RES,A-3,Disapproved,PLAN EXAM - DISAPPROVED,07/08/2015,06/19/2015,06/19/2015,,,,,OTHERS,2,2,3268,3268,1,,,,,,,,,1,1,1,1,1,1,1,1,1,1,1,1,0,0,0,0,0,0,0,0,0,0,0,0,,,,,,,,,,,,,,,,,,,,,,,,,false,,0,
310220016,,1355 55 STREET,1355,55 STREET,,,,,3397093,3056770004,BROOKLYN,05677,00048,A1,Alteration,Residential,Residential,Assembly: Other,RES,A-3,Disapproved,PLAN EXAM - DISAPPROVED,11/07/2008,10/29/2008,10/29/2008,,,,,OTHERS,3,1,1519,3036,3,0,-3,0,,,,,,3,3,3,3,3,3,3,3,3,3,3,3,0,0,0,0,0,0,0,0,0,0,0,0,6,6,6,6,6,6,6,6,6,6,6,6,,,,,,,,,,,,,true,,0,
220047161,,2950 DEWITT PLACE,2950,DEWITT PLACE,,,,,2055446,2045650002,BRONX,04565,00026,A1,Alteration,Residential,Residential,Assembly: Other,RES,A-3,Disapproved,PLAN EXAM - DISAPPROVED,03/29/2010,02/01/2010,03/03/2010,,,,,1-2-3 FAMILY,3,3,1405,1405,1,1,0,0,,,,,,1,1,1,1,1,1,1,1,1,1,1,1,0,0,0,0,0,0,0,0,0,0,0,0,1,1,1,1,1,1,1,1,1,1,1,1,,,,,,,,,,,,,true,,0,
420114414,,87-74 150 STREET,87-74,150 STREET,,,,,4207117,4096940003,QUEENS,09694,00037,A1,Alteration,Residential,Residential,Assembly: Other,RES,A-3,Application in progress,PRE-FILING,12/11/2009,12/11/2009,,,,,,OTHERS,4,4,29115,29115,31,27,-4,0,,,,,,31,31,31,31,31,31,31,31,31,31,31,31,0,0,0,0,0,0,0,0,0,0,0,0,35,35,35,35,35,35,35,35,35,35,35,35,,,,,,,,,,,,,true,,0,
320173913,,1429 47TH STREET,1429,47TH STREET,,,,,3137053,3056240006,BROOKLYN,05624,00066,A1,Alteration,Residential,Residential,Assembly: Other,RES,A-3,Application filed,PLAN EXAM - APPROVED,09/15/2010,06/16/2010,06/17/2010,09/15/2010,,,,OTHERS,3,3,4827,4827,3,1,-2,0,,,,,,3,3,3,3,3,3,3,3,3,3,3,3,0,0,0,0,0,0,0,0,0,0,0,0,5,5,5,5,5,5,5,5,5,5,5,5,,,,,,,,,,,,,true,,0,
420339333,,31-33 12TH STREET,31-33,12TH STREET,,,,,4005745,4005180000,QUEENS,00518,00008,A1,Alteration,Residential,Residential,Assembly: Other,RES,A-3,Disapproved,PLAN EXAM - DISAPPROVED,04/15/2011,03/31/2011,04/11/2011,,,,,OTHERS,2,2,5704,5704,2,,,,,,,,,2,2,2,2,2,2,2,2,2,2,2,2,0,0,0,0,0,0,0,0,0,0,0,0,,,,,,,,,,,,,,,,,,,,,,,,,true,,0,
320500230,,120 WILSON AVENUE,120,WILSON AVENUE,,,,,3072711,3031960003,BROOKLYN,03196,00035,A1,Alteration,Residential,Residential,Assembly: Other,RES,A-3,Disapproved,PLAN EXAM - DISAPPROVED,07/06/2012,06/26/2012,06/26/2012,,,,,OTHERS,3,3,5000,5000,4,3,-1,0,,,,,,4,4,4,4,4,4,4,4,4,4,4,4,0,0,0,0,0,0,0,0,0,0,0,0,5,5,5,5,5,5,5,5,5,5,5,5,,,,,,,,,,,,,true,,0,
420902223,,82-35 SURREY PL,82-35,SURREY PL,,,,,4155839,4072430004,QUEENS,07243,00046,A1,Alteration,Residential,Residential,Assembly: Other,RES,A-3,Disapproved,PLAN EXAM - DISAPPROVED,12/24/2013,10/01/2013,10/01/2013,,,,,OTHERS,1,2,3311,4266,1,0,-1,0,,,,,,1,1,1,1,1,1,1,1,1,1,1,1,0,0,0,0,0,0,0,0,0,0,0,0,2,2,2,2,2,2,2,2,2,2,2,2,,,,,,,,,,,,,false,,0,
421090296,,37-52 92ND. STREET,37-52,92ND. STREET,,,,,4036408,4014790003,QUEENS,01479,00033,A1,Alteration,Residential,Residential,Assembly: Other,RES,A-3,Disapproved,PLAN EXAM - DISAPPROVED,04/17/2015,03/06/2015,03/06/2015,,,,,1-2-3 FAMILY,2,3,2480,3960,2,3,1,0,,,,,,2,2,2,2,2,2,2,2,2,2,2,2,0,0,0,0,0,0,0,0,0,0,0,0,1,1,1,1,1,1,1,1,1,1,1,1,,,,,,,,,,,,,false,,0,
321448331,,5305 CHURCH AVE,5305,CHURCH AVE,,,,,3102265,3046790003,BROOKLYN,04679,00035,A1,Alteration,Residential,Residential,Assembly: Other,RES,A-3,Disapproved,PLAN EXAM - DISAPPROVED,12/28/2016,09/20/2016,09/20/2016,,,,,OTHERS,2,2,2546,2546,2,2,0,0,,,,,,2,2,2,2,2,2,2,2,2,2,2,2,0,0,0,0,0,0,0,0,0,0,0,0,2,2,2,2,2,2,2,2,2,2,2,2,,,,,,,,,,,,,false,,0,
410211541,,578 ONDERDONK AVE,578,ONDERDONK AVE,,,,,4548628,4034380002,QUEENS,03438,00029,A1,Alteration,Residential,Residential,Assembly: Other,RES,A-3,Complete,SIGNED OFF,12/05/2012,01/06/2009,01/06/2009,05/22/2009,2009-07-08,09/30/2009,12/05/2012,OTHERS,3,3,6441,6441,2,2,0,0,0,2010-08-02,2012-12-05,C- CO,2,2,2,2,2,2,2,2,2,2,2,2,2,0,0,0,0,0,0,0,0,0,0,0,0,2,2,2,2,2,2,2,2,2,2,2,2,,,,,,,,Alteration403438000294548628578 ONDERDONK AVE,12/05/2012,2012-12-05,,,false,,0,
320265477,,731 LINWOOD STREET,731,LINWOOD STREET,,,,,3090598,3040830000,BROOKLYN,04083,00001,A1,Alteration,Residential,Residential,Assembly: Other,RES,A-3,Permit issued,PERMIT ISSUED - ENTIRE JOB/WORK,03/17/2016,01/21/2011,02/02/2011,09/23/2011,2012-01-26,01/26/2012,,OTHERS,2,2,1776,1776,2,1,-1,-1,,2016-08-03,2016-08-03,T- TCO,1,2,2,2,2,2,2,2,2,2,2,1,1,0,0,0,0,0,0,0,0,0,0,-1,0,3,3,3,3,3,3,3,3,3,3,2,2,,,,,,,,Alteration304083000013090598731 LINWOOD STREET,03/17/2016,2016-08-03,geoclient,,false,,0,0101000020E6100000FBD9D51C5E7852C0DADE48DF6B554440
321088611,,671 EAST 7TH STREET,671,EAST 7TH STREET,,,,,3127293,3054010007,BROOKLYN,05401,00076,A1,Alteration,Residential,Residential,Assembly: Other,RES,A-3,Permit issued,PERMIT ISSUED - PARTIAL JOB,04/03/2017,03/09/2015,04/03/2015,02/22/2017,2017-04-03,,,OTHERS,2,2,2574,2574,2,2,0,0,,,,,,2,2,2,2,2,2,2,2,2,2,2,2,0,0,0,0,0,0,0,0,0,0,0,0,2,2,2,2,2,2,2,2,2,2,2,2,,,,,,,,Alteration305401000763127293671 EAST 7TH STREET,04/03/2017,,,,false,,0,
421156180,,62-01 39 AVENUE,62-01,39 AVENUE,,,,,4027870,4012170001,QUEENS,01217,00010,A1,Alteration,Residential,Residential,Assembly: Other,RES,A-3,Permit issued,PERMIT ISSUED - ENTIRE JOB/WORK,09/07/2016,04/28/2015,04/28/2015,09/22/2015,2015-09-22,09/07/2016,,OTHERS,2,2,3693,3693,2,,,,,,,,,2,2,2,2,2,2,2,2,2,2,2,2,0,0,0,0,0,0,0,0,0,0,0,0,,,,,,,,,,,,,,,,,,,,,,,,,false,,0,
120392422,,50 HAVEN AVENUE,50,HAVEN AVENUE,,,,,1063401,1021390003,MANHATTAN,02139,00030,A1,Alteration,Residential,Residential,Assembly: Other,RES,A-3,Permit issued,PERMIT ISSUED - ENTIRE JOB/WORK,12/06/2010,06/28/2010,07/08/2010,09/13/2010,2010-12-06,12/06/2010,,OTHERS,14,14,6077,6077,227,227,0,0,,2011-05-13,2014-06-11,T- TCO,227,227,227,227,227,227,227,227,227,227,227,227,227,0,0,0,0,0,0,0,0,0,0,0,0,227,227,227,227,227,227,227,227,227,227,227,227,,,,,,,,,,,,,true,,0,
421044738,,58-59 208TH ST,58-59,208TH ST,,,,,4160629,4074590003,QUEENS,07459,00039,A1,Alteration,Residential,Residential,Assembly: Other,RES,A-3,Complete,SIGNED OFF,12/07/2016,10/21/2014,10/21/2014,12/19/2014,2015-04-07,06/08/2015,12/07/2016,OTHERS,1,1,1323,1779,1,,,,,2016-12-07,2016-12-07,C- CO,0,1,1,1,1,1,1,1,1,1,1,0,0,0,0,0,0,0,0,0,0,0,0,-1,0,,,,,,,,,,,,,,,,,,,,,,,,,false,,0,
320134751,,418 GROVE STREET,418,GROVE STREET,,,,,3251919,3033290001,BROOKLYN,03329,00016,A1,Alteration,Residential,Medical and other custodial institutions,Residential: 1 & 2 Family,H-2,R-3,Complete,SIGNED OFF,07/29/2013,03/09/2010,03/09/2010,03/26/2010,2011-02-18,02/18/2011,07/29/2013,1-2-3 FAMILY,3,3,12437,12437,0,1,1,1,0,2013-07-29,2013-07-29,C- CO,1,0,0,0,0,0,0,0,1,1,1,1,1,0,0,0,0,0,0,0,1,0,0,0,0,-1,-1,-1,-1,-1,-1,-1,0,0,0,0,0,,,,,,,,Alteration303329000163251919418 GROVE STREET,07/29/2013,2013-07-29,,,false,,0,
200703382,,5790 MOSHOLU AVENUE,5790,MOSHOLU AVENUE,,,,,2084899,2058550226,BRONX,05855,02260,A1,Alteration,Residential,Residential,Medical and other custodial institutions,RES,H-2,Complete,SIGNED OFF,04/28/2006,12/12/2001,12/17/2001,03/15/2002,2002-02-14,09/13/2002,04/28/2006,OTHERS,0,1,0,0,,,,,,,,,,,,,,,,,,,,,,,,,,,,,,,,,,,,,,,,,,,,,,,,,,,,,,,,,,false,,0,
420335729,,89-52 QUEENS BLVD.,89-52,QUEENS BLVD.,,,,,4064869,4028570003,QUEENS,02857,00036,A1,Alteration,Residential,Medical and other custodial institutions,Residential: Multi-Family,H-2,R-2,Permit issued,PERMIT ISSUED - ENTIRE JOB/WORK,09/11/2015,03/25/2011,03/25/2011,04/24/2013,2013-09-03,09/17/2013,,OTHERS,6,6,223152,212935,0,144,144,144,,2015-10-23,2017-10-12,T- TCO,144,0,0,0,0,0,0,0,0,0,144,144,144,0,0,0,0,0,0,0,0,0,144,0,0,-144,-144,-144,-144,-144,-144,-144,-144,-144,0,0,0,,,,,,,,Alteration40285700036406486989-52 QUEENS BLVD.,09/11/2015,2017-10-12,,,false,,0,
123205673,,16 WEST 130TH STREET,16,WEST 130TH STREET,,,,,1083983,1017270004,MANHATTAN,01727,00045,A1,Alteration,Residential,Residential: 1 & 2 Family,Assembly: Other,R-3,A-3,Application filed,PLAN EXAM - IN PROCESS,02/13/2018,02/05/2018,02/05/2018,,,,,1-2-3 FAMILY,3,3,4560,4560,1,1,0,0,,,,,,1,1,1,1,1,1,1,1,1,1,1,1,0,0,0,0,0,0,0,0,0,0,0,0,1,1,1,1,1,1,1,1,1,1,1,1,,,,,,,,Alteration10172700045108398316 WEST 130TH STREET,02/13/2018,,,,false,,0,
520052237,,1000A RICHMOND TERRACE,1000A,RICHMOND TERRACE,,,,,5113027,5000760020,STATEN ISLAND,00076,00200,A1,Alteration,Residential,Residential,Assembly: Other,RES,A-3,Complete,SIGNED OFF,09/23/2015,11/08/2010,11/08/2010,05/19/2011,2011-11-22,12/02/2011,09/23/2015,OTHERS,4,4,383947,383947,1,0,-1,0,0,2015-07-23,2015-09-23,C- CO,1,1,1,1,1,1,1,1,1,1,1,1,1,0,0,0,0,0,0,0,0,0,0,0,0,2,2,2,2,2,2,2,2,2,2,2,2,,,,,,,,Alteration5000760020051130271000A RICHMOND TERRACE,09/23/2015,2015-09-23,,,false,,0,
420340615,,41-02 FORLEY STREET,41-02,FORLEY STREET,,,,,4037343,4015130000,QUEENS,01513,00006,A1,Alteration,Residential,Residential,Assembly: Other,RES,A-3,Complete,SIGNED OFF,01/12/2016,04/06/2011,04/06/2011,03/28/2013,2013-07-02,07/02/2013,01/12/2016,OTHERS,2,2,3974,4064,3,0,-3,-3,0,2015-11-16,2016-01-12,C- CO,0,3,3,3,3,3,3,3,3,3,0,0,0,0,0,0,0,0,0,0,0,0,-3,0,0,6,6,6,6,6,6,6,6,6,3,3,3,,,,,,,,Alteration40151300006403734341-02 FORLEY STREET,01/12/2016,2016-01-12,,,false,,2,
320296158,,2133 EAST 64TH STREET,2133,EAST 64TH STREET,,,,,3238528,3084650006,BROOKLYN,08465,00064,A1,Alteration,Residential,Residential,Assembly: Other,RES,A-3,Permit issued,PERMIT ISSUED - ENTIRE JOB/WORK,10/27/2016,04/11/2011,05/13/2011,08/07/2013,2014-08-04,02/12/2015,,OTHERS,1,1,1781,2365,1,0,-1,0,,,,,,1,1,1,1,1,1,1,1,1,1,1,1,0,0,0,0,0,0,0,0,0,0,0,0,2,2,2,2,2,2,2,2,2,2,2,2,,,,,,,,Alteration3084650006432385282133 EAST 64TH STREET,10/27/2016,,,,false,,0,
220602186,,1138 WARD AVENUE,1138,WARD AVENUE,,,,,2023932,2037420002,BRONX,03742,00020,A1,Alteration,Residential,Residential,Assembly: Other,RES,A-3,Application filed,PLAN EXAM - APPROVED,10/24/2017,06/19/2017,06/21/2017,10/24/2017,,,,OTHERS,2,2,2840,2840,2,1,-1,0,,,,,,2,2,2,2,2,2,2,2,2,2,2,2,0,0,0,0,0,0,0,0,0,0,0,0,3,3,3,3,3,3,3,3,3,3,3,3,,,,,,,,Alteration2037420002020239321138 WARD AVENUE,10/24/2017,,,,false,,0,
121192217,,87 ELDRIDGE,87,ELDRIDGE,,,,,1075791,1003060002,MANHATTAN,00306,00025,A1,Alteration,Residential,Residential,Assembly: Other,RES,A-3,Permit issued,PERMIT ISSUED - ENTIRE JOB/WORK,04/26/2018,12/05/2014,12/06/2014,09/14/2015,2016-03-21,04/27/2016,,OTHERS,4,4,8015,8015,2,0,-2,0,,,,,,2,2,2,2,2,2,2,2,2,2,2,2,0,0,0,0,0,0,0,0,0,0,0,0,4,4,4,4,4,4,4,4,4,4,4,4,103,MN27,Chinatown,10016002001,,,,Alteration10030600025107579187 ELDRIDGE,04/26/2018,,dcp,,false,,0,0101000020E6100000F6F1ABD3867F52C08803F4C9D15B4440
310194919,,467 WARREN STREET,467,WARREN STREET,,,,,3006235,3003930005,BROOKLYN,00393,00050,A1,Alteration,Residential,Residential,Assembly: Other,RES,A-3,Complete,SIGNED OFF,10/08/2013,08/28/2008,08/28/2008,09/05/2008,2008-09-10,09/16/2008,10/08/2013,1-2-3 FAMILY,3,3,2764,2764,3,2,-1,-1,0,2013-10-08,2013-10-08,C- CO,2,3,3,3,3,3,3,3,2,2,2,2,2,0,0,0,0,0,0,0,-1,0,0,0,0,4,4,4,4,4,4,4,3,3,3,3,3,,,,,,,,Alteration300393000503006235467 WARREN STREET,10/08/2013,2013-10-08,,,false,,0,
320443757,,4516 7TH AVE,4516,7TH AVE,,,,,3011677,3007490004,BROOKLYN,00749,00042,A1,Alteration,Residential,Residential,Assembly: Other,RES,A-3,Permit issued,PERMIT ISSUED - ENTIRE JOB/WORK,11/08/2017,03/07/2012,03/07/2012,06/18/2012,2012-10-11,12/21/2012,,OTHERS,2,2,2531,3159,3,2,-1,0,,,,,,3,3,3,3,3,3,3,3,3,3,3,3,0,0,0,0,0,0,0,0,0,0,0,0,4,4,4,4,4,4,4,4,4,4,4,4,,,,,,,,Alteration3007490004230116774516 7TH AVE,11/08/2017,,,,false,,0,
520334237,,47 SUFFOLK AVENUE,47,SUFFOLK AVENUE,,,,,5019495,5007630000,STATEN ISLAND,00763,00008,A1,Alteration,Residential,Residential,Assembly: Other,RES,A-3,Application filed,APPLICATION ASSIGNED TO PLAN EXAMINER,04/24/2018,04/23/2018,04/23/2018,,,,,OTHERS,1,1,1059,3562,1,0,-1,0,,,,,,1,1,1,1,1,1,1,1,1,1,1,1,0,0,0,0,0,0,0,0,0,0,0,0,2,2,2,2,2,2,2,2,2,2,2,2,,,,,,,,Alteration50076300008501949547 SUFFOLK AVENUE,04/24/2018,,,,false,,0,
220220179,,1346 FULTON AVE,1346,FULTON AVE,,,,,2009689,2029310002,BRONX,02931,00022,A1,Alteration,Residential,Residential,Assembly: Other,RES,A-3,Permit issued,PERMIT ISSUED - ENTIRE JOB/WORK,12/20/2017,08/17/2012,08/17/2012,09/04/2013,2014-09-19,01/22/2015,,1-2-3 FAMILY,2,2,2653,2653,1,1,0,0,,,,,,1,1,1,1,1,1,1,1,1,1,1,1,0,0,0,0,0,0,0,0,0,0,0,0,1,1,1,1,1,1,1,1,1,1,1,1,,,,,,,,Alteration2029310002220096891346 FULTON AVE,12/20/2017,,,,false,,0,
320474232,,21 AUBURN PLACE,21,AUBURN PLACE,,,,,3251647,3020390010,BROOKLYN,02039,00101,A1,Alteration,Other,Medical and other custodial institutions,Hotel or Dormitory,H-2,R-1,Permit issued,PERMIT ISSUED - ENTIRE JOB/WORK,03/20/2014,03/25/2013,03/25/2013,03/04/2014,2014-03-20,03/20/2014,,OTHERS,9,9,155250,155250,,184,,,0,2015-07-08,2015-07-08,T- TCO,184,,,,,,,,,,184,184,184,,,,,,,,,,,0,0,,,,,,,,,,,,,,,,,,,,,,,,,false,,0,
220575330,,1790 MARMION AVE,1790,MARMION AVE,,,,,2010098,2029570001,BRONX,02957,00019,A1,Alteration,Other,Medical and other custodial institutions,Hotel or Dormitory,H-2,R-1,Complete,SIGNED OFF,10/25/2017,01/10/2017,01/18/2017,02/23/2017,2017-02-28,02/28/2017,10/25/2017,OTHERS,4,4,7823,7823,,13,,,0,2017-04-04,2017-10-25,C- CO,13,,,,,,,,,,,,13,,,,,,,,,,,,,,,,,,,,,,,,,,,,,,,,,,,,,false,,0,
421391005,,99-03 207 STREET,99-03,207 STREET,,,,,4232023,4108550002,QUEENS,10855,00021,A1,Alteration,Residential,Residential,Assembly: Other,RES,A-3,Disapproved,PLAN EXAM - DISAPPROVED,11/10/2016,10/25/2016,10/25/2016,,,,,OTHERS,1,1,823,823,1,1,0,0,,,,,,1,1,1,1,1,1,1,1,1,1,1,1,0,0,0,0,0,0,0,0,0,0,0,0,1,1,1,1,1,1,1,1,1,1,1,1,,,,,,,,,,,geoclient,,false,,0,0101000020E6100000E254B673277052C0382FB492495B4440
421402262,,632 BEACH 22 STREET,632,BEACH 22 STREET,,,,,4300880,4157510002,QUEENS,15751,00026,A1,Alteration,Residential,Residential,Assembly: Other,RES,A-3,Disapproved,PLAN EXAM - DISAPPROVED,11/25/2016,11/21/2016,11/21/2016,,,,,OTHERS,2,2,2336,2336,1,1,0,0,,,,,,1,1,1,1,1,1,1,1,1,1,1,1,0,0,0,0,0,0,0,0,0,0,0,0,1,1,1,1,1,1,1,1,1,1,1,1,,,,,,,,,,,,,false,,0,
420990627,,99-37 65 AVENUE,99-37,65 AVENUE,,,,,4050867,4021140006,QUEENS,02114,00063,A1,Alteration,Residential,Residential,Assembly: Other,RES,A-3,Disapproved,PLAN EXAM - DISAPPROVED,07/14/2014,06/27/2014,06/27/2014,,,,,OTHERS,2,3,1547,2000,1,1,0,0,,,,,,1,1,1,1,1,1,1,1,1,1,1,1,0,0,0,0,0,0,0,0,0,0,0,0,1,1,1,1,1,1,1,1,1,1,1,1,,,,,,,,,,,,,false,,0,
320932345,,1231 51 STREET,1231,51 STREET,,,,,3138058,3056480006,BROOKLYN,05648,00065,A1,Alteration,Residential,Residential,Assembly: Other,RES,A-3,Application filed,PLAN EXAM - IN PROCESS,03/03/2014,02/24/2014,02/24/2014,,,,,OTHERS,4,4,13498,13498,12,8,-4,0,,,,,,12,12,12,12,12,12,12,12,12,12,12,12,0,0,0,0,0,0,0,0,0,0,0,0,16,16,16,16,16,16,16,16,16,16,16,16,,,,,,,Possible duplicate,Alteration3056480006531380581231 51 STREET,03/06/2018,,,,false,,0,
420494897,,37-46 99TH STREET,37-46,99TH STREET,,,,,4043932,4017610002,QUEENS,01761,00029,A1,Alteration,Residential,Residential: 1 & 2 Family,Assembly: Other,R-3,A-3,Disapproved,PLAN EXAM - DISAPPROVED,02/02/2012,10/19/2011,10/19/2011,,,,,OTHERS,2,2,1580,1580,2,,,,,,,,,2,2,2,2,2,2,2,2,2,2,2,2,0,0,0,0,0,0,0,0,0,0,0,0,,,,,,,,,,,,,,,,,,,,,,,,,true,,0,
220334617,,1351 ODELL STREET,1351,ODELL STREET,,,,,2028981,2039330008,BRONX,03933,00083,A1,Alteration,Residential,Residential: 1 & 2 Family,Assembly: Other,R-3,A-3,Disapproved,PLAN EXAM - DISAPPROVED,10/31/2013,09/11/2013,10/11/2013,,,,,1-2-3 FAMILY,2,2,3150,3150,2,,,,,,,,,2,2,2,2,2,2,2,2,2,2,2,2,0,0,0,0,0,0,0,0,0,0,0,0,,,,,,,,,,,,,,,,,,,,,,,,,false,,0,
420996480,,35-40 157 ST,35-40,157 ST,,,,,4119295,4052720004,QUEENS,05272,00045,A1,Alteration,Residential,Residential: 1 & 2 Family,Assembly: Other,R-3,A-3,Disapproved,PLAN EXAM - DISAPPROVED,09/30/2014,07/17/2014,07/17/2014,,,,,OTHERS,2,2,1891,2967,1,1,0,0,,,,,,1,1,1,1,1,1,1,1,1,1,1,1,0,0,0,0,0,0,0,0,0,0,0,0,1,1,1,1,1,1,1,1,1,1,1,1,,,,,,,,,,,geoclient,,false,,0,0101000020E6100000700E5C3ABB7352C020460ECEDF614440
321396770,,8622 AVENUE J,8622,AVENUE J,,,,,3225796,3080380004,BROOKLYN,08038,00044,A1,Alteration,Residential,Residential: Multi-Family,Assembly: Other,R-2,A-3,Disapproved,PLAN EXAM - DISAPPROVED,04/24/2017,06/07/2016,06/07/2016,,,,,OTHERS,1,1,870,870,1,,,,,,,,,1,1,1,1,1,1,1,1,1,1,1,1,0,0,0,0,0,0,0,0,0,0,0,0,,,,,,,,,,,,,,,,,,,,,,,,,false,,0,
321451905,,6404 STRICKLAND AVENUE,6404,STRICKLAND AVENUE,,,,,3243469,3086330000,BROOKLYN,08633,00001,A1,Alteration,Residential,Residential,Assembly: Other,RES,A-3,Disapproved,PLAN EXAM - DISAPPROVED,04/23/2018,09/15/2016,09/15/2016,,,,,OTHERS,1,3,900,9059,1,0,-1,0,,,,,,1,1,1,1,1,1,1,1,1,1,1,1,0,0,0,0,0,0,0,0,0,0,0,0,2,2,2,2,2,2,2,2,2,2,2,2,,,,,,,,,,,,,false,,0,
410138701,,32-33 98TH STREET,32-33,98TH STREET,,,,,4035087,4014280005,QUEENS,01428,00052,A1,Alteration,Residential,Residential,Assembly: Other,RES,A-3,Disapproved,PLAN EXAM - DISAPPROVED,07/28/2008,07/17/2008,07/17/2008,,,,,OTHERS,2,2,2286,3135,2,0,-2,0,,,,,,2,2,2,2,2,2,2,2,2,2,2,2,0,0,0,0,0,0,0,0,0,0,0,0,4,4,4,4,4,4,4,4,4,4,4,4,,,,,,,,,,,,,true,,0,
310187213,,631 BEDFORD AVENUE,631,BEDFORD AVENUE,,,,,3060520,3022110000,BROOKLYN,02211,00005,A1,Alteration,Residential,Residential,Assembly: Other,RES,A-3,Application filed,PLAN EXAM - APPROVED,02/09/2012,08/22/2008,08/27/2008,02/09/2012,,,,OTHERS,4,4,3373,4313,3,2,-1,0,,,,,,3,3,3,3,3,3,3,3,3,3,3,3,0,0,0,0,0,0,0,0,0,0,0,0,4,4,4,4,4,4,4,4,4,4,4,4,,,,,,,,,,,,,true,,0,
310212506,,1485 GATES AVENUE,1485,GATES AVENUE,,,,,3326403,3033350004,BROOKLYN,03335,00041,A1,Alteration,Residential,Residential,Assembly: Other,RES,A-3,Application filed,PLAN EXAM - APPROVED,06/11/2010,10/17/2008,12/29/2008,06/11/2010,,,,OTHERS,2,2,4585,5042,2,0,-2,0,,,,,,2,2,2,2,2,2,2,2,2,2,2,2,0,0,0,0,0,0,0,0,0,0,0,0,4,4,4,4,4,4,4,4,4,4,4,4,,,,,,,,,,,,,true,,0,
320003740,,2296 CONEY ISLAND AVE,2296,CONEY ISLAND AVE,,,,,3190662,3070910004,BROOKLYN,07091,00044,A1,Alteration,Residential,Residential,Assembly: Other,RES,A-3,Disapproved,PLAN EXAM - DISAPPROVED,08/10/2009,04/03/2009,04/03/2009,,,,,OTHERS,2,2,2430,5120,1,,,,,,,,,1,1,1,1,1,1,1,1,1,1,1,1,0,0,0,0,0,0,0,0,0,0,0,0,,,,,,,,,,,,,,,,,,,,,,,,,true,,0,
420111514,,18-15 26TH RD,18-15,26TH RD,,,,,4431141,4008860002,QUEENS,00886,00020,A1,Alteration,Residential,Residential,Assembly: Other,RES,A-3,Application filed,PLAN EXAM - APPROVED,01/04/2010,12/04/2009,12/04/2009,01/04/2010,,,,OTHERS,2,1,2917,903,4,1,-3,0,,,,,,4,4,4,4,4,4,4,4,4,4,4,4,0,0,0,0,0,0,0,0,0,0,0,0,7,7,7,7,7,7,7,7,7,7,7,7,,,,,,,,,,,,,true,,0,
420119106,,141-56 73RD AVENUE,141-56,73RD AVENUE,,,,,4143523,4066240002,QUEENS,06624,00027,A1,Alteration,Residential,Residential,Assembly: Other,RES,A-3,Disapproved,PLAN EXAM - DISAPPROVED,01/11/2010,12/24/2009,12/24/2009,,,,,OTHERS,1,1,2200,2200,1,0,-1,0,,,,,,1,1,1,1,1,1,1,1,1,1,1,1,0,0,0,0,0,0,0,0,0,0,0,0,2,2,2,2,2,2,2,2,2,2,2,2,,,,,,,,,,,,,true,,0,
420125242,,2404 89 STREET,2404,89 STREET,,,,,4024149,4011000010,QUEENS,01100,00102,A1,Alteration,Residential,Residential,Assembly: Other,RES,A-3,Disapproved,PLAN EXAM - DISAPPROVED,01/25/2010,01/11/2010,01/11/2010,,,,,OTHERS,1,2,1176,3991,1,1,0,0,,,,,,1,1,1,1,1,1,1,1,1,1,1,1,0,0,0,0,0,0,0,0,0,0,0,0,1,1,1,1,1,1,1,1,1,1,1,1,,,,,,,,,,,,,true,,0,
420127035,,102-12 NORTHERN BOULEVARD,102-12,NORTHERN BOULEVARD,,,,,4042586,4017170000,QUEENS,01717,00007,A1,Alteration,Residential,Residential,Assembly: Other,RES,A-3,Disapproved,PLAN EXAM - DISAPPROVED,11/15/2013,01/12/2010,01/12/2010,,,,,OTHERS,2,2,3600,3600,1,1,0,0,,,,,,1,1,1,1,1,1,1,1,1,1,1,1,0,0,0,0,0,0,0,0,0,0,0,0,1,1,1,1,1,1,1,1,1,1,1,1,,,,,,,,,,,,,false,,0,
320144839,,1111 55TH ST,1111,55TH ST,,,,,3139341,3056750007,BROOKLYN,05675,00074,A1,Alteration,Residential,Residential,Assembly: Other,RES,A-3,Disapproved,PLAN EXAM - DISAPPROVED,09/20/2011,04/22/2010,04/22/2010,,,,,OTHERS,3,3,4543,4543,4,1,-3,0,,,,,,4,4,4,4,4,4,4,4,4,4,4,4,0,0,0,0,0,0,0,0,0,0,0,0,7,7,7,7,7,7,7,7,7,7,7,7,,,,,,,,,,,,,true,,0,
420193392,,148-42 236 STREET,148-42,236 STREET,,,,,4291605,4137350003,QUEENS,13735,00036,A1,Alteration,Residential,Residential,Assembly: Other,RES,A-3,Disapproved,PLAN EXAM - DISAPPROVED,06/08/2010,05/27/2010,05/27/2010,,,,,OTHERS,2,2,1534,1534,1,,,,,,,,,1,1,1,1,1,1,1,1,1,1,1,1,0,0,0,0,0,0,0,0,0,0,0,0,,,,,,,,,,,,,,,,,,,,,,,,,true,,0,
220081550,,1248 WHITE PLAINS RD,1248,WHITE PLAINS RD,,,,,2024894,2037680002,BRONX,03768,00020,A1,Alteration,Residential,Residential,Assembly: Other,RES,A-3,Application filed,PLAN EXAM - APPROVED,09/07/2010,09/07/2010,09/07/2010,09/07/2010,,,,OTHERS,3,3,6410,6410,1,0,-1,0,,,,,,1,1,1,1,1,1,1,1,1,1,1,1,0,0,0,0,0,0,0,0,0,0,0,0,2,2,2,2,2,2,2,2,2,2,2,2,,,,,,,,,,,,,true,,0,
420283730,,226-20 FRANCIS LEWIS BOULEVARD,226-20,FRANCIS LEWIS BOULEVARD,,,,,4276481,4128250014,QUEENS,12825,00149,A1,Alteration,Residential,Residential,Assembly: Other,RES,A-3,Disapproved,PLAN EXAM - DISAPPROVED,12/01/2010,11/05/2010,11/05/2010,,,,,OTHERS,1,2,4531,24151,1,2,1,0,,,,,,1,1,1,1,1,1,1,1,1,1,1,1,0,0,0,0,0,0,0,0,0,0,0,0,0,0,0,0,0,0,0,0,0,0,0,0,,,,,,,,,,,,,true,,0,
420299411,,124-28 ROCKAWAY BLVD,124-28,ROCKAWAY BLVD,,,,,4254668,4117460004,QUEENS,11746,00046,A1,Alteration,Residential,Residential,Assembly: Other,RES,A-3,Disapproved,PLAN EXAM - DISAPPROVED,04/01/2011,12/21/2010,01/25/2011,,,,,OTHERS,2,2,2348,2732,2,1,-1,0,,,,,,2,2,2,2,2,2,2,2,2,2,2,2,0,0,0,0,0,0,0,0,0,0,0,0,3,3,3,3,3,3,3,3,3,3,3,3,,,,,,,,,,,,,true,,0,
120744800,,56 WEST 130 STREET,56,WEST 130 STREET,,,,,1053761,1017270006,MANHATTAN,01727,00065,A1,Alteration,Residential,Residential,Assembly: Other,RES,A-3,Disapproved,PLAN EXAM - DISAPPROVED,02/27/2012,08/10/2011,08/12/2011,,,,,OTHERS,3,3,3510,3510,9,,,,,,,,,9,9,9,9,9,9,9,9,9,9,9,9,0,0,0,0,0,0,0,0,0,0,0,0,,,,,,,,,,,,,,,,,,,,,,,,,true,,0,
220144644,,2011 CLINTON AVE,2011,CLINTON AVE,,,,,2012679,2030950005,BRONX,03095,00053,A1,Alteration,Residential,Residential,Assembly: Other,RES,A-3,Disapproved,PLAN EXAM - DISAPPROVED,10/26/2011,10/12/2011,10/12/2011,,,,,OTHERS,2,2,1965,1965,4,,,,,,,,,4,4,4,4,4,4,4,4,4,4,4,4,0,0,0,0,0,0,0,0,0,0,0,0,,,,,,,,,,,,,,,,,,,,,,,,,true,,0,
220162062,,1890 WOOD AVE,1890,WOOD AVE,,,,,2029053,2039360002,BRONX,03936,00022,A1,Alteration,Residential,Residential,Assembly: Other,RES,A-3,Application filed,PLAN EXAM - APPROVED,06/05/2012,12/28/2011,12/28/2011,06/05/2012,,,,1-2-3 FAMILY,3,4,2338,3744,2,2,0,0,,,,,,2,2,2,2,2,2,2,2,2,2,2,2,0,0,0,0,0,0,0,0,0,0,0,0,2,2,2,2,2,2,2,2,2,2,2,2,,,,,,,,,,,,,true,,0,
420519442,,106-24 155TH STREET,106-24,155TH STREET,,,,,4215706,4101220002,QUEENS,10122,00022,A1,Alteration,Residential,Residential,Assembly: Other,RES,A-3,Disapproved,PLAN EXAM - DISAPPROVED,04/24/2012,12/28/2011,12/28/2011,,,,,1-2-3 FAMILY,2,2,1493,3286,1,0,-1,0,,,,,,1,1,1,1,1,1,1,1,1,1,1,1,0,0,0,0,0,0,0,0,0,0,0,0,2,2,2,2,2,2,2,2,2,2,2,2,,,,,,,,,,,,,true,,0,
520093185,,1000K RICHMOND TERRACE,1000K,RICHMOND TERRACE,,,,,5146249,5000760000,STATEN ISLAND,00076,00001,A1,Alteration,Residential,Residential,Assembly: Other,RES,A-3,Application filed,PLAN EXAM - APPROVED,05/09/2012,03/08/2012,03/08/2012,05/09/2012,,,,OTHERS,2,2,4800,4800,2,0,-2,0,,,,,,2,2,2,2,2,2,2,2,2,2,2,2,0,0,0,0,0,0,0,0,0,0,0,0,4,4,4,4,4,4,4,4,4,4,4,4,,,,,,,,,,,,,true,,0,
320468659,,723 60TH STREET,723,60TH STREET,,,,,3016445,3008660007,BROOKLYN,00866,00071,A1,Alteration,Residential,Residential,Assembly: Other,RES,A-3,Disapproved,PLAN EXAM - DISAPPROVED,01/27/2014,04/25/2012,04/25/2012,,,,,OTHERS,4,4,8648,8648,16,16,0,0,,,,,,16,16,16,16,16,16,16,16,16,16,16,16,0,0,0,0,0,0,0,0,0,0,0,0,16,16,16,16,16,16,16,16,16,16,16,16,,,,,,,,,,,,,false,,0,
320473965,,4219 15 AVENUE,4219,15 AVENUE,,,,,3125664,3053620000,BROOKLYN,05362,00002,A1,Alteration,Residential,Residential,Assembly: Other,RES,A-3,Application filed,PLAN EXAM - APPROVED,04/15/2013,05/07/2012,05/07/2012,04/15/2013,,,,OTHERS,4,4,10214,13000,12,2,-10,0,,,,,,12,12,12,12,12,12,12,12,12,12,12,12,0,0,0,0,0,0,0,0,0,0,0,0,22,22,22,22,22,22,22,22,22,22,22,22,,,,,,,,,,,,,true,,0,
320481304,,3210 KINGS HIGHWAY,3210,KINGS HIGHWAY,,,,,3254483,3076680000,BROOKLYN,07668,00003,A1,Alteration,Residential,Residential,Assembly: Other,RES,A-3,Application filed,PLAN EXAM - APPROVED,03/25/2013,05/22/2012,05/22/2012,03/25/2013,,,,OTHERS,2,2,2047,2047,2,0,-2,0,,,,,,2,2,2,2,2,2,2,2,2,2,2,2,0,0,0,0,0,0,0,0,0,0,0,0,4,4,4,4,4,4,4,4,4,4,4,4,,,,,,,,,,,,,true,,0,
320527596,,793 QUINCY STREET,793,QUINCY STREET,,,,,3044454,3016280007,BROOKLYN,01628,00074,A1,Alteration,Residential,Residential,Assembly: Other,RES,A-3,Disapproved,PLAN EXAM - DISAPPROVED,03/07/2013,11/16/2012,11/16/2012,,,,,OTHERS,4,5,3500,4216,4,6,2,0,,,,,,4,4,4,4,4,4,4,4,4,4,4,4,0,0,0,0,0,0,0,0,0,0,0,0,2,2,2,2,2,2,2,2,2,2,2,2,,,,,,,,,,,,,true,,0,
320870214,,461 AVENUE X,461,AVENUE X,,,,,3194782,3071800007,BROOKLYN,07180,00075,A1,Alteration,Residential,Residential,Assembly: Other,RES,A-3,Disapproved,PLAN EXAM - DISAPPROVED,04/30/2014,12/26/2013,12/26/2013,,,,,OTHERS,3,3,2766,4571,3,2,-1,0,,,,,,3,3,3,3,3,3,3,3,3,3,3,3,0,0,0,0,0,0,0,0,0,0,0,0,4,4,4,4,4,4,4,4,4,4,4,4,,,,,,,,,,,,,false,,0,
121947037,,46 EDGECOMBE AVE,46,EDGECOMBE AVE,,,,,1059488,1019600006,MANHATTAN,01960,00063,A1,Alteration,Residential,Residential,Assembly: Other,RES,A-3,Application filed,APPLICATION PROCESSED - ENTIRE,03/26/2014,03/26/2014,03/26/2014,,,,,OTHERS,4,4,4451,6110,3,2,-1,0,,,,,,3,3,3,3,3,3,3,3,3,3,3,3,0,0,0,0,0,0,0,0,0,0,0,0,4,4,4,4,4,4,4,4,4,4,4,4,,,,,,,Possible duplicate,Alteration10196000063105948846 EDGECOMBE AVE,03/27/2018,,,,false,,0,
420950607,,105-36 135 STREET,105-36,135 STREET,,,,,4205209,4095940001,QUEENS,09594,00016,A1,Alteration,Residential,Residential,Assembly: Other,RES,A-3,Disapproved,PLAN EXAM - DISAPPROVED,12/05/2014,11/28/2014,11/28/2014,,,,,OTHERS,2,3,1480,3334,1,0,-1,0,,,,,,1,1,1,1,1,1,1,1,1,1,1,1,0,0,0,0,0,0,0,0,0,0,0,0,2,2,2,2,2,2,2,2,2,2,2,2,,,,,,,,,,,,,false,,0,
321044703,,564 ALBANY AVE.,564,ALBANY AVE.,,,,,3106831,3047990004,BROOKLYN,04799,00043,A1,Alteration,Residential,Residential,Assembly: Other,RES,A-3,Application filed,PLAN EXAM - APPROVED,12/21/2017,12/18/2014,12/18/2014,12/21/2017,,,,OTHERS,2,2,8525,9298,2,5,3,0,,,,,,2,2,2,2,2,2,2,2,2,2,2,2,0,0,0,0,0,0,0,0,0,0,0,0,-1,-1,-1,-1,-1,-1,-1,-1,-1,-1,-1,-1,,,,,,,,Alteration304799000433106831564 ALBANY AVE.,12/21/2017,,,,false,,1,
321358829,,173 WYCKOFF ST,173,WYCKOFF ST,,,,,3323292,3003860005,BROOKLYN,00386,00054,A1,Alteration,Residential,Residential,Assembly: Other,RES,A-3,Disapproved,PLAN EXAM - DISAPPROVED,01/16/2018,03/29/2016,03/29/2016,,,,,1-2-3 FAMILY,3,3,2370,2370,3,1,-2,0,,,,,,3,3,3,3,3,3,3,3,3,3,3,3,0,0,0,0,0,0,0,0,0,0,0,0,5,5,5,5,5,5,5,5,5,5,5,5,,,,,,,,,,,,,false,,0,
520232908,,208 PORT RICHMOND AVE.,208,PORT RICHMOND AVE.,,,,,5025461,5010800003,STATEN ISLAND,01080,00033,A1,Alteration,Residential,Residential,Assembly: Other,RES,A-3,Disapproved,PLAN EXAM - DISAPPROVED,04/13/2016,04/08/2016,04/11/2016,,,,,OTHERS,2,2,3337,3337,1,1,0,0,,,,,,1,1,1,1,1,1,1,1,1,1,1,1,0,0,0,0,0,0,0,0,0,0,0,0,1,1,1,1,1,1,1,1,1,1,1,1,,,,,,,,,,,,,false,,0,
421354992,,119-02 226 STREET,119-02,226 STREET,,,,,4275576,4127850005,QUEENS,12785,00052,A1,Alteration,Residential,Residential,Assembly: Other,RES,A-3,Disapproved,PLAN EXAM - DISAPPROVED,05/03/2017,07/29/2016,07/29/2016,,,,,1-2-3 FAMILY,1,1,885,2016,1,,,,,,,,,1,1,1,1,1,1,1,1,1,1,1,1,0,0,0,0,0,0,0,0,0,0,0,0,,,,,,,,,,,,,,,,,,,,,,,,,false,,0,
321630320,,1830 50TH STREET,1830,50TH STREET,,,,,3129473,3054610001,BROOKLYN,05461,00015,A1,Alteration,Residential,Residential,Assembly: Other,RES,A-3,Disapproved,PLAN EXAM - DISAPPROVED,03/27/2018,07/28/2017,07/28/2017,,,,,OTHERS,2,2,1433,2233,1,1,0,0,,,,,,1,1,1,1,1,1,1,1,1,1,1,1,0,0,0,0,0,0,0,0,0,0,0,0,1,1,1,1,1,1,1,1,1,1,1,1,,,,,,,,,,,,,false,,0,
321191009,,922 40 STREET,922,40 STREET,,,,,3135350,3055860001,BROOKLYN,05586,00018,A1,Alteration,Residential,Residential,Assembly: Other,RES,A-3,Disapproved,PLAN EXAM - DISAPPROVED,04/25/2018,09/20/2017,09/26/2017,,,,,OTHERS,2,6,2377,8029,4,0,-4,0,,,,,,4,4,4,4,4,4,4,4,4,4,4,4,0,0,0,0,0,0,0,0,0,0,0,0,8,8,8,8,8,8,8,8,8,8,8,8,,,,,,,,,,,,,false,,0,
104189469,,552 WEST 183 STREET,552,WEST 183 STREET,,,,,1063661,1021540005,MANHATTAN,02154,00051,A1,Alteration,Residential,Residential,Medical and other custodial institutions,RES,H-2,Application filed,PLAN EXAM - APPROVED,06/26/2006,08/09/2005,08/09/2005,06/26/2006,,,,OTHERS,0,6,0,0,,1,,,,,,,,,,,,,,,,,,,,,,,,,,,,,,,,,,,,,,,,,,,,,,,,,,,,,,,,true,,0,
301158431,,9925 SHORE ROAD,9925,SHORE ROAD,,,,,3156068,3061330000,BROOKLYN,06133,00007,A1,Alteration,Residential,Residential,Medical and other custodial institutions,RES,H-2,Disapproved,PLAN EXAM - DISAPPROVED,09/26/2001,04/16/2001,05/24/2001,,,,,OTHERS,0,3,0,0,,,,,,,,,,,,,,,,,,,,,,,,,,,,,,,,,,,,,,,,,,,,,,,,,,,,,,,,,,true,,0,
301393025,,4801 10 AVENUE,4801,10 AVENUE,,,,,3337687,3056320000,BROOKLYN,05632,00001,A1,Alteration,Residential,Residential,Medical and other custodial institutions,RES,H-2,Disapproved,PLAN EXAM - DISAPPROVED,09/16/2002,08/13/2002,08/28/2002,,,,,OTHERS,0,9,0,0,,,,,,,,,,,,,,,,,,,,,,,,,,,,,,,,,,,,,,,,,,,,,,,,,,,,,,,,,,true,,0,
320187524,,1863 FLATBUSH AVE,1863,FLATBUSH AVE,,,,,3216956,3078080001,BROOKLYN,07808,00011,A1,Alteration,Residential,Residential,Assembly: Other,RES,A-3,Permit issued,PERMIT ISSUED - ENTIRE JOB/WORK,09/30/2010,07/14/2010,07/14/2010,09/22/2010,2010-09-22,09/30/2010,,OTHERS,2,2,3006,3006,2,2,0,0,,,,,,2,2,2,2,2,2,2,2,2,2,2,2,0,0,0,0,0,0,0,0,0,0,0,0,2,2,2,2,2,2,2,2,2,2,2,2,,,,,,,,,,,,,true,,0,
220522236,,2501 LACONIA AVENUE,2501,LACONIA AVENUE,,,,,2051852,2044520000,BRONX,04452,00001,A1,Alteration,Residential,Residential: 1 & 2 Family,Assembly: Other,R-3,A-3,Permit issued,PERMIT ISSUED - PARTIAL JOB,08/10/2017,03/24/2016,03/24/2016,02/09/2017,2017-03-08,,,OTHERS,2,2,2992,2992,1,0,-1,0,,,,,,1,1,1,1,1,1,1,1,1,1,1,1,0,0,0,0,0,0,0,0,0,0,0,0,2,2,2,2,2,2,2,2,2,2,2,2,,,,,,,,Alteration2044520000120518522501 LACONIA AVENUE,08/10/2017,,,,false,,0,
220019049,,4230 WHITE PLAINS ROAD,4230,WHITE PLAINS ROAD,,,,,2068205,2049980005,BRONX,04998,00059,A1,Alteration,Residential,Residential,Assembly: Other,RES,A-3,Permit issued,PERMIT ISSUED - ENTIRE JOB/WORK,01/18/2012,07/17/2009,07/20/2009,05/13/2010,2011-06-21,01/18/2012,,OTHERS,1,1,3382,3382,2,2,0,0,,,,,,2,2,2,2,2,2,2,2,2,2,2,2,0,0,0,0,0,0,0,0,0,0,0,0,2,2,2,2,2,2,2,2,2,2,2,2,,,,,,,,,,,,,true,,0,
210033747,,3033 YOUNG AVENUE,3033,YOUNG AVENUE,,,,,2056107,2045890006,BRONX,04589,00062,A1,Alteration,Residential,Residential,Assembly: Other,RES,A-3,Permit issued,PERMIT ISSUED - ENTIRE JOB/WORK,10/17/2017,02/08/2008,02/14/2008,06/27/2008,2008-07-03,07/08/2008,,OTHERS,3,3,2108,2109,1,0,-1,0,,,,,,1,1,1,1,1,1,1,1,1,1,1,1,0,0,0,0,0,0,0,0,0,0,0,0,2,2,2,2,2,2,2,2,2,2,2,2,,,,,,,,Alteration2045890006220561073033 YOUNG AVENUE,10/17/2017,,,,false,,0,
122876370,,371 EAST 10 STREET,371,EAST 10 STREET,,,,,1004899,1003930004,MANHATTAN,00393,00049,A1,Alteration,Residential,Medical and other custodial institutions,Residential: Multi-Family,H-2,R-2,Permit issued,PERMIT ISSUED - ENTIRE JOB/WORK,11/28/2017,09/09/2016,09/09/2016,11/29/2016,2016-12-02,11/06/2017,,OTHERS,7,7,20434,20434,24,22,-2,0,,,,,,24,24,24,24,24,24,24,24,24,24,24,24,0,0,0,0,0,0,0,0,0,0,0,0,26,26,26,26,26,26,26,26,26,26,26,26,,,,,,,,Alteration100393000491004899371 EAST 10 STREET,11/28/2017,,,,false,,0,
420004738,,75-85 180 STREET,75-85,180 STREET,,,,,4154763,4071950004,QUEENS,07195,00046,A1,Alteration,Residential,Residential,Assembly: Other,RES,A-3,Permit issued,PERMIT ISSUED - ENTIRE JOB/WORK,07/07/2016,04/10/2009,04/10/2009,07/02/2009,2011-10-05,07/07/2016,,OTHERS,2,2,1667,3643,1,0,-1,0,,,,,,1,1,1,1,1,1,1,1,1,1,1,1,0,0,0,0,0,0,0,0,0,0,0,0,2,2,2,2,2,2,2,2,2,2,2,2,,,,,,,,Alteration40719500046415476375-85 180 STREET,07/07/2016,,,,false,,0,
320384035,,1914 50TH ST,1914,50TH ST,,,,,3129507,3054620001,BROOKLYN,05462,00012,A1,Alteration,Residential,Residential,Assembly: Other,RES,A-3,Permit issued,PERMIT ISSUED - PARTIAL JOB,12/18/2014,10/27/2011,11/22/2011,06/12/2013,2013-07-29,,,OTHERS,3,4,6993,9839,2,2,0,0,,,,,,2,2,2,2,2,2,2,2,2,2,2,2,0,0,0,0,0,0,0,0,0,0,0,0,2,2,2,2,2,2,2,2,2,2,2,2,,,,,,,,Alteration3054620001231295071914 50TH ST,12/18/2014,,,,false,,0,
220410320,,2222 ANDREWS AVENUE,2222,ANDREWS AVENUE,,,,,2014707,2032170001,BRONX,03217,00019,A1,Alteration,Residential,Residential,Assembly: Other,RES,A-3,Permit issued,PERMIT ISSUED - PARTIAL JOB,03/23/2018,10/15/2014,10/15/2014,07/19/2016,2016-08-04,,,OTHERS,2,2,2836,2836,1,,,,,,,,,1,1,1,1,1,1,1,1,1,1,1,1,0,0,0,0,0,0,0,0,0,0,0,0,,,,,,,,,,,,,,,,,,,,,,,,,false,,0,
320937108,,1327 41ST STREET,1327,41ST STREET,,,,,3123284,3052970006,BROOKLYN,05297,00066,A1,Alteration,Residential,Residential,Assembly: Other,RES,A-3,Application filed,PLAN EXAM - APPROVED,06/06/2016,08/07/2014,08/07/2014,06/06/2016,,,,OTHERS,2,2,4049,4049,1,0,-1,0,,,,,,1,1,1,1,1,1,1,1,1,1,1,1,0,0,0,0,0,0,0,0,0,0,0,0,2,2,2,2,2,2,2,2,2,2,2,2,,,,,,,,Alteration3052970006631232841327 41ST STREET,06/06/2016,,,,false,,0,
220401866,,3417 KNOX PLACE,3417,KNOX PLACE,,,,,2017695,2033240008,BRONX,03324,00088,A1,Alteration,Residential,Residential,Assembly: Other,RES,A-3,Permit issued,PERMIT ISSUED - ENTIRE JOB/WORK,09/25/2017,06/22/2015,06/22/2015,08/11/2016,2016-12-14,02/27/2017,,OTHERS,3,1,2910,2998,2,,,,,,,,,2,2,2,2,2,2,2,2,2,2,2,2,0,0,0,0,0,0,0,0,0,0,0,0,,,,,,,,,,,,,,,,,,,,,,,,,false,,1,
120354393,,401 EAST 11 STREET,401,EAST 11 STREET,,,,,1077654,1004390000,MANHATTAN,00439,00001,A1,Alteration,Residential,Residential,Assembly: Other,RES,A-3,Permit issued,PERMIT ISSUED - PARTIAL JOB,03/10/2017,05/17/2010,05/17/2010,08/04/2010,2013-09-23,,,OTHERS,5,5,9040,10311,8,6,-2,0,,,,,,8,8,8,8,8,8,8,8,8,8,8,8,0,0,0,0,0,0,0,0,0,0,0,0,10,10,10,10,10,10,10,10,10,10,10,10,,,,,,,,Alteration100439000011077654401 EAST 11 STREET,03/10/2017,,,,false,,0,
321096602,,1536 52 ST,1536,52 ST,,,,,3129861,3054710002,BROOKLYN,05471,00021,A1,Alteration,Residential,Residential,Assembly: Other,RES,A-3,Permit issued,PERMIT ISSUED - ENTIRE JOB/WORK,10/23/2017,05/28/2015,05/28/2015,10/21/2015,2015-11-06,06/28/2016,,OTHERS,3,3,2394,4718,2,1,-1,0,,,,,,2,2,2,2,2,2,2,2,2,2,2,2,0,0,0,0,0,0,0,0,0,0,0,0,3,3,3,3,3,3,3,3,3,3,3,3,,,,,,,,Alteration3054710002131298611536 52 ST,10/23/2017,,,,false,,0,
220064668,,3840 SETON AVENUE,3840,SETON AVENUE,,,,,2066219,2049390008,BRONX,04939,00080,A1,Alteration,Residential,Residential,Assembly: Other,RES,A-3,Permit issued,PERMIT ISSUED - ENTIRE JOB/WORK,11/14/2017,05/27/2010,05/27/2010,08/10/2011,2013-06-04,11/06/2013,,OTHERS,2,2,1289,2181,1,,,,,,,,,1,1,1,1,1,1,1,1,1,1,1,1,0,0,0,0,0,0,0,0,0,0,0,0,,,,,,,,,,,,,,,,,,,,,,,,,false,,0,
420652582,,150-13 89TH AVENUE,150-13,89TH AVENUE,,,,,4438669,4096950001,QUEENS,09695,00014,A1,Alteration,Residential,Medical and other custodial institutions,Residential: Multi-Family,H-2,R-2,Permit issued,PERMIT ISSUED - ENTIRE JOB/WORK,10/27/2017,09/24/2014,09/30/2014,05/27/2015,2015-06-12,08/22/2016,,OTHERS,7,16,240653,405207,0,482,482,0,,,,,,0,0,0,0,0,0,0,0,0,0,0,0,0,0,0,0,0,0,0,0,0,0,0,0,-482,-482,-482,-482,-482,-482,-482,-482,-482,-482,-482,-482,,,,,,,,Alteration409695000144438669150-13 89TH AVENUE,10/27/2017,,,,false,,0,
